City_ID,City,Country,Lat,Lng,Max Temp,Humidity,Cloudiness,Wind Speed,Current Description
0,Port Alfred,ZA,-33.5906,26.891,67.87,59,100,18.5,overcast clouds
1,Mar Del Plata,AR,-38.0023,-57.5575,57.22,88,90,6.91,light rain
2,Paamiut,GL,61.994,-49.6678,34.48,78,19,12.44,few clouds
3,Hobart,AU,-42.8794,147.3294,48.25,73,75,6.91,broken clouds
4,Gizo,SB,-8.103,156.8419,79.93,77,100,1.79,overcast clouds
5,Pevek,RU,69.7008,170.3133,28.38,96,100,3.98,light snow
6,Presidencia Roque Saenz Pena,AR,-26.7852,-60.4388,81.07,30,97,8.46,overcast clouds
7,Nikolskoye,RU,59.7035,30.7861,46.29,88,99,9.15,overcast clouds
8,Sao Filipe,CV,14.8961,-24.4956,80.28,74,35,6.17,scattered clouds
9,Norman Wells,CA,65.282,-126.8329,33.44,87,99,0.29,overcast clouds
10,Dabat,ET,12.9842,37.765,53.91,91,83,3.8,light rain
11,Punta Arenas,CL,-53.15,-70.9167,51.91,37,20,26.46,few clouds
12,Atuona,PF,-9.8,-139.0333,77.72,73,4,16.91,clear sky
13,Ponta Do Sol,PT,32.6667,-17.1,74.03,53,100,5.5,overcast clouds
14,Arona,ES,28.0996,-16.681,72.99,60,75,3.0,broken clouds
15,Ushuaia,AR,-54.8,-68.3,51.42,34,20,23.02,few clouds
16,Khatanga,RU,71.9667,102.5,33.51,99,100,5.79,overcast clouds
17,Avarua,CK,-21.2078,-159.775,69.85,60,40,10.36,scattered clouds
18,Vaini,TO,-21.2,-175.2,71.76,94,20,6.91,light rain
19,Puerto Cabello,VE,10.4731,-68.0125,90.95,63,99,4.25,overcast clouds
20,Cherskiy,RU,68.75,161.3,28.47,98,100,5.1,light snow
21,Port Hedland,AU,-20.3167,118.5667,66.25,68,96,4.61,overcast clouds
22,Qui Nhon,VN,13.7667,109.2333,77.0,86,100,8.08,light rain
23,Puerto Ayora,EC,-0.7393,-90.3518,70.92,83,95,10.51,overcast clouds
24,Goderich,CA,43.7501,-81.7165,61.92,83,100,19.26,overcast clouds
25,Berlevag,NO,70.8578,29.0864,48.2,61,0,21.85,clear sky
26,Zhob,PK,31.3411,69.4481,75.58,53,48,7.74,scattered clouds
27,Rikitea,PF,-23.1203,-134.9692,74.1,68,17,22.59,few clouds
28,Cabo San Lucas,MX,22.8909,-109.9124,91.62,74,1,0.0,clear sky
29,Bambous Virieux,MU,-20.3428,57.7575,71.85,83,75,10.36,broken clouds
30,Torbay,CA,47.6666,-52.7314,72.48,69,30,5.84,scattered clouds
31,Kelso,US,46.1468,-122.9084,63.82,93,90,0.0,overcast clouds
32,Touros,BR,-5.1989,-35.4608,88.7,62,42,16.26,scattered clouds
33,Rancho Palos Verdes,US,33.7445,-118.387,88.99,72,1,3.0,clear sky
34,Hithadhoo,MV,-0.6,73.0833,81.91,79,77,19.06,light rain
35,Busselton,AU,-33.65,115.3333,47.08,79,0,10.83,clear sky
36,Saint-Philippe,RE,-21.3585,55.7679,71.19,78,38,13.0,scattered clouds
37,Airai,TL,-8.9266,125.4092,57.87,77,97,1.99,overcast clouds
38,Dikson,RU,73.5069,80.5464,34.83,64,75,6.87,broken clouds
39,Tuktoyaktuk,CA,69.4541,-133.0374,32.0,93,90,5.75,light snow
40,Havre-Saint-Pierre,CA,50.2334,-63.5986,52.16,93,90,12.66,overcast clouds
41,Tabou,CI,4.423,-7.3528,80.71,78,86,8.43,overcast clouds
42,Durango,MX,24.8333,-104.8333,68.04,55,21,5.48,few clouds
43,Kodiak,US,57.79,-152.4072,39.9,96,100,20.67,light rain
44,Lompoc,US,34.6391,-120.4579,73.92,81,90,3.44,overcast clouds
45,Hilo,US,19.7297,-155.09,72.81,83,90,0.0,overcast clouds
46,Ostrovnoy,RU,68.0531,39.5131,44.83,83,20,20.6,few clouds
47,Yellowknife,CA,62.456,-114.3525,43.83,80,98,9.78,overcast clouds
48,Repelon,CO,10.4919,-75.1292,89.47,65,100,7.36,overcast clouds
49,Okato,NZ,-39.2,173.8833,53.42,88,72,14.94,broken clouds
50,Jamestown,US,42.097,-79.2353,62.51,53,90,8.99,overcast clouds
51,Kirakira,SB,-10.4544,161.9205,77.43,85,82,6.42,broken clouds
52,Coquimbo,CL,-29.9533,-71.3436,62.33,59,0,16.11,clear sky
53,Pochutla,MX,15.7432,-96.4661,89.82,52,38,4.23,scattered clouds
54,Bredasdorp,ZA,-34.5322,20.0403,61.29,79,41,13.15,scattered clouds
55,Diapaga,BF,12.0708,1.7889,80.22,74,86,5.5,overcast clouds
56,Terrace,CA,54.5163,-128.6035,49.42,93,90,4.61,light rain
57,Dunedin,NZ,-45.8742,170.5036,48.79,71,47,18.01,scattered clouds
58,Marawi,PH,7.9986,124.2928,66.65,96,75,0.87,broken clouds
59,Fonte Boa,BR,-2.4959,-66.2662,88.16,59,54,4.18,broken clouds
60,Port Macquarie,AU,-31.4333,152.9167,48.16,68,0,5.21,clear sky
61,Mount Gambier,AU,-37.8333,140.7667,52.18,91,49,12.12,scattered clouds
62,Arraial Do Cabo,BR,-22.9661,-42.0278,69.66,56,75,11.5,broken clouds
63,Lebu,CL,-37.6167,-73.65,57.11,64,33,12.01,scattered clouds
64,Chokurdakh,RU,70.6333,147.9167,26.69,93,100,5.03,overcast clouds
65,Tasiilaq,GL,65.6145,-37.6368,41.16,55,94,5.06,overcast clouds
66,Moers,DE,51.45,6.65,67.19,74,75,9.22,broken clouds
67,Zverinogolovskoye,RU,54.4586,64.8542,40.64,67,26,4.83,scattered clouds
68,Richards Bay,ZA,-28.783,32.0377,67.17,68,74,17.49,broken clouds
69,Sampit,ID,-2.5333,112.95,75.94,91,86,1.97,overcast clouds
70,Dingle,PH,10.9995,122.6711,75.99,91,78,4.72,broken clouds
71,Uhlove,UA,44.8215,33.6045,55.56,59,88,9.06,overcast clouds
72,Shitkino,RU,56.3703,98.3543,36.66,94,100,0.63,overcast clouds
73,San Cristobal,VE,7.7669,-72.225,78.98,62,100,6.93,overcast clouds
74,Rocha,UY,-34.4833,-54.3333,58.8,80,100,5.37,overcast clouds
75,Sorland,NO,67.667,12.6934,48.27,70,64,16.69,broken clouds
76,Kiunga,PG,-6.1219,141.2906,72.64,99,100,3.22,heavy intensity rain
77,Chunskiy,RU,56.0815,99.6342,37.8,94,100,2.44,overcast clouds
78,Tevaitoa,PF,-16.7833,-151.5,77.54,70,17,10.33,few clouds
79,Mataura,NZ,-46.1927,168.8643,45.48,91,70,9.06,broken clouds
80,Provideniya,RU,64.3833,-173.3,32.65,76,97,3.22,overcast clouds
81,Manokwari,ID,-0.8667,134.0833,77.36,84,99,6.24,overcast clouds
82,Jalu,LY,29.0331,21.5482,92.64,15,0,11.01,clear sky
83,Houma,US,29.5958,-90.7195,77.0,61,1,11.5,clear sky
84,Ubrique,ES,36.6778,-5.446,76.98,84,73,7.56,broken clouds
85,Muli,MV,2.9167,73.5667,83.35,77,75,17.83,broken clouds
86,Cape Town,ZA,-33.9258,18.4232,63.88,75,35,1.99,scattered clouds
87,Qaanaaq,GL,77.484,-69.3632,19.26,61,18,5.14,few clouds
88,Ketchikan,US,55.3422,-131.6461,51.78,93,90,19.57,moderate rain
89,Albany,US,42.6001,-73.9662,81.03,72,98,14.61,overcast clouds
90,Aksarka,RU,66.5606,67.7975,36.32,82,18,3.04,few clouds
91,Barrow,US,71.2906,-156.7887,21.22,93,40,9.22,scattered clouds
92,Zapatoca,CO,6.8153,-73.2677,74.16,73,78,5.64,light rain
93,Cantaura,VE,9.3057,-64.3584,92.98,40,26,7.94,scattered clouds
94,Chara,RU,56.9064,118.2631,36.88,99,100,0.92,light rain
95,La Palma,US,33.8464,-118.0467,93.02,66,1,1.01,clear sky
96,Sulangan,PH,11.1373,123.7228,83.79,76,81,13.11,moderate rain
97,Hurghada,EG,27.2574,33.8129,86.85,36,0,21.32,clear sky
98,Alice Springs,AU,-23.7,133.8833,49.55,32,10,5.75,clear sky
99,San Marcos,US,33.1434,-117.1661,91.0,63,1,1.01,clear sky
100,Kapaa,US,22.0752,-159.319,75.52,81,90,12.66,overcast clouds
101,Chuy,UY,-33.6971,-53.4616,55.92,94,100,3.87,overcast clouds
102,Praia,CV,14.9215,-23.5087,84.74,61,20,13.8,few clouds
103,Merauke,ID,-8.4667,140.3333,76.28,83,93,13.89,overcast clouds
104,Timra,SE,62.487,17.3257,51.67,96,90,10.36,light rain
105,Leningradskiy,RU,69.3833,178.4167,24.78,94,100,6.11,overcast clouds
106,Anisoc,GQ,1.8658,10.7689,71.73,94,91,3.27,overcast clouds
107,Ballina,AU,-28.8667,153.5667,55.58,87,1,7.25,clear sky
108,Kavieng,PG,-2.5744,150.7967,81.46,75,100,11.21,overcast clouds
109,Columbus,US,39.9612,-82.9988,61.59,58,75,18.41,broken clouds
110,Iqaluit,CA,63.7506,-68.5145,32.29,74,18,7.0,few clouds
111,Pisco,PE,-13.7,-76.2167,65.01,77,72,10.36,broken clouds
112,Arlit,NE,18.7369,7.3853,100.94,15,54,3.96,broken clouds
113,Butaritari,KI,3.0707,172.7902,80.83,79,64,13.51,light rain
114,Carnarvon,AU,-24.8667,113.6333,68.07,73,0,17.27,clear sky
115,Vrnograc,BA,45.1636,15.9536,61.93,70,5,3.67,clear sky
116,Lagoa,PT,39.05,-27.9833,69.08,64,65,10.45,broken clouds
117,Port Elizabeth,ZA,-33.918,25.5701,66.09,64,95,17.94,overcast clouds
118,New Norfolk,AU,-42.7826,147.0587,47.91,72,56,1.01,broken clouds
119,Isangel,VU,-19.55,169.2667,70.52,80,93,17.74,overcast clouds
120,Jiutai,CN,44.1525,125.8328,48.51,79,23,4.43,few clouds
121,Nanortalik,GL,60.1432,-45.2371,37.63,75,17,22.59,few clouds
122,South River,US,40.4465,-74.386,82.42,77,99,5.01,overcast clouds
123,Coro,VE,11.4045,-69.6734,91.44,57,100,14.63,overcast clouds
124,Noumea,NC,-22.2763,166.4572,60.78,65,3,8.39,clear sky
125,Tulun,RU,54.5611,100.5792,40.53,89,100,7.29,overcast clouds
126,Storforshei,NO,66.4043,14.5233,47.66,87,75,1.14,broken clouds
127,Buenos Aires,AR,-34.6132,-58.3772,66.09,77,40,11.5,scattered clouds
128,Georgetown,MY,5.4112,100.3354,81.9,80,20,0.0,few clouds
129,Dicabisagan,PH,17.0818,122.4157,78.35,88,8,4.45,clear sky
130,Tres Arroyos,AR,-38.3739,-60.2798,63.1,58,39,8.25,scattered clouds
131,Pokosnoye,RU,55.5258,101.0536,39.24,94,100,9.57,light rain
132,Meulaboh,ID,4.1363,96.1285,78.39,85,80,2.35,broken clouds
133,Ternate,ID,0.8,127.4,79.9,78,87,1.59,moderate rain
134,Lavrentiya,RU,65.5833,-171.0,30.69,68,86,0.45,overcast clouds
135,Vrede,ZA,-27.4257,29.1659,63.93,29,24,3.78,few clouds
136,Vaitape,PF,-16.5167,-151.75,77.76,69,13,9.31,few clouds
137,Zubtsov,RU,56.1753,34.5894,42.8,94,78,5.23,broken clouds
138,Bethel,US,41.3712,-73.414,81.05,78,90,1.99,overcast clouds
139,Hami,CN,42.8,93.45,68.97,18,60,4.32,broken clouds
140,East London,ZA,-33.0153,27.9116,71.64,72,82,5.32,broken clouds
141,Ahuimanu,US,21.4447,-157.8378,76.71,81,90,4.61,mist
142,Asau,RO,46.4333,26.4,50.4,74,89,4.18,overcast clouds
143,Bathsheba,BB,13.2167,-59.5167,92.01,58,40,13.8,scattered clouds
144,Mbala,ZM,-8.8402,31.3659,73.65,27,46,7.81,scattered clouds
145,Ribeira Grande,PT,38.5167,-28.7,73.8,64,20,14.97,few clouds
146,Bilibino,RU,68.0546,166.4372,24.66,96,100,1.83,light snow
147,Rypefjord,NO,70.6333,23.6667,47.95,71,40,14.97,scattered clouds
148,Puerto Escondido,MX,15.85,-97.0667,86.49,60,12,4.68,few clouds
149,Barisal,BD,22.7019,90.3711,79.63,88,36,5.75,scattered clouds
150,Qianan,CN,44.9932,124.0581,50.59,84,6,5.06,clear sky
151,Qena,EG,26.1615,32.7183,93.07,18,0,17.0,clear sky
152,Kamenka,RU,51.3223,42.7678,49.05,70,100,3.51,overcast clouds
153,Colon,PA,9.3592,-79.9014,88.25,68,64,4.9,broken clouds
154,Yarmouth,US,41.7057,-70.2286,80.82,80,90,8.99,overcast clouds
155,Hermanus,ZA,-34.4187,19.2345,61.9,85,34,14.38,scattered clouds
156,Aborlan,PH,9.4352,118.5492,78.1,85,90,4.16,overcast clouds
157,Labuhan,ID,-6.8844,112.2051,81.72,74,92,7.94,overcast clouds
158,Douentza,ML,14.9951,-2.9517,95.54,33,100,9.44,overcast clouds
159,Vredendal,ZA,-31.6683,18.5012,59.31,79,21,6.89,few clouds
160,Bluff,NZ,-46.6,168.3333,45.81,68,59,29.24,broken clouds
161,Toktogul,KG,41.8708,72.9402,64.9,34,6,0.69,clear sky
162,Thompson,CA,55.7435,-97.8558,53.76,94,90,6.91,overcast clouds
163,Uzunovo,RU,54.5386,38.6173,48.0,84,100,5.79,light rain
164,Thinadhoo,MV,0.5333,72.9333,83.28,77,28,20.09,scattered clouds
165,Grindavik,IS,63.8424,-22.4338,45.07,93,90,14.97,mist
166,Mandera,KE,3.9366,41.867,86.74,43,87,20.51,overcast clouds
167,Bandarbeyla,SO,9.4942,50.8122,78.24,84,76,29.06,broken clouds
168,Shimoda,JP,34.6667,138.95,74.88,81,100,7.11,overcast clouds
169,Olga,RU,43.7444,135.2892,53.55,85,100,6.33,overcast clouds
170,Narsaq,GL,60.9167,-46.05,43.02,49,38,6.51,scattered clouds
171,Diamond Harbour,IN,22.1917,88.1847,84.18,90,100,5.64,overcast clouds
172,Klaksvik,FO,62.2266,-6.589,43.72,81,100,23.2,overcast clouds
173,Port-Gentil,GA,-0.7193,8.7815,78.73,81,20,9.86,few clouds
174,Kemin,KG,42.7846,75.6892,55.54,32,69,3.29,broken clouds
175,Fare,PF,-16.7,-151.0167,76.86,73,12,10.33,light rain
176,Guerrero Negro,MX,27.9769,-114.0611,79.18,60,6,1.52,clear sky
177,Shahreza,IR,32.0339,51.8794,74.1,13,0,4.99,clear sky
178,Lakes Entrance,AU,-37.8811,147.981,52.57,73,0,6.49,clear sky
179,Ahipara,NZ,-35.1667,173.1667,56.61,88,93,18.52,overcast clouds
180,Cockburn Town,TC,21.4612,-71.1419,85.96,66,40,6.91,scattered clouds
181,Mehamn,NO,71.0357,27.8492,48.15,57,20,21.85,few clouds
182,Ola,RU,59.5833,151.2833,43.25,83,2,1.45,clear sky
183,Cervo,ES,43.6702,-7.4101,69.19,85,96,14.63,overcast clouds
184,Mezica,SI,46.5214,14.8544,63.1,78,11,3.22,few clouds
185,Mocuba,MZ,-16.8392,36.9856,71.44,75,46,7.81,scattered clouds
186,Maniitsoq,GL,65.4167,-52.9,32.49,43,2,4.88,clear sky
187,Warrington,GB,53.3925,-2.5802,64.24,82,20,1.99,few clouds
188,Kashary,RU,49.04,41.0056,53.28,54,82,6.73,broken clouds
189,Shakawe,BW,-18.3667,21.85,81.09,16,29,6.51,scattered clouds
190,Singkawang,ID,0.9,109.0,77.74,90,94,3.13,overcast clouds
191,Vardo,NO,70.3705,31.1107,46.38,71,0,18.41,clear sky
192,Udachnyy,RU,66.4167,112.4,34.63,77,50,5.91,scattered clouds
193,Laguna,US,38.421,-121.4238,87.08,40,1,5.01,clear sky
194,Sept-Iles,CA,50.2001,-66.3821,54.25,90,100,1.99,overcast clouds
195,Krasnoselkup,RU,65.7,82.4667,33.67,83,99,13.35,overcast clouds
196,Ugoofaaru,MV,5.6667,73.0,83.07,77,99,16.91,overcast clouds
197,Winburg,ZA,-28.518,27.0093,64.0,30,81,4.16,broken clouds
198,Kloulklubed,PW,7.0419,134.2556,73.9,75,100,8.34,overcast clouds
199,Bamiantong,CN,44.9333,130.5333,43.77,88,7,1.68,clear sky
200,Gatesville,US,31.4352,-97.7439,80.42,26,1,4.61,clear sky
201,Qaqortoq,GL,60.7167,-46.0333,43.3,47,6,21.43,clear sky
202,Port Lincoln,AU,-34.7333,135.8667,53.87,91,0,9.17,clear sky
203,Ileza,RU,61.0533,43.9002,46.35,89,100,8.08,overcast clouds
204,Inta,RU,66.0317,60.1659,38.77,84,100,6.06,overcast clouds
205,Nemuro,JP,43.3236,145.575,56.1,92,100,19.71,moderate rain
206,Carroll,US,39.5501,-77.0164,70.92,68,75,6.91,broken clouds
207,Chapais,CA,49.7834,-74.8492,46.18,87,100,10.51,overcast clouds
208,Nouadhibou,MR,20.931,-17.0347,71.49,83,5,23.44,clear sky
209,Saskylakh,RU,71.9167,114.0833,33.76,98,100,12.21,overcast clouds
210,Longyearbyen,SJ,78.2186,15.6401,46.24,61,40,11.5,scattered clouds
211,Chegem,RU,43.2833,43.1333,30.33,99,100,2.28,light snow
212,Codrington,AU,-38.2667,141.9667,51.33,89,21,15.55,few clouds
213,Yar-Sale,RU,66.8333,70.8333,40.33,77,100,13.4,overcast clouds
214,Mahebourg,MU,-20.4081,57.7,71.89,83,75,10.36,broken clouds
215,Hiriyur,IN,13.9456,76.6192,73.78,78,100,13.11,overcast clouds
216,Barcelos,PT,41.5388,-8.6151,80.28,55,64,4.56,moderate rain
217,Ayagoz,KZ,47.9714,80.4392,40.71,49,16,11.25,few clouds
218,Saint George,US,37.1041,-113.5841,84.67,20,1,3.44,clear sky
219,Baruun-Urt,MN,46.6806,113.2792,51.39,74,99,10.94,overcast clouds
220,Hofn,IS,64.2539,-15.2082,37.42,93,90,2.3,light intensity drizzle rain
221,Bubaque,GW,11.2833,-15.8333,82.69,72,100,6.58,overcast clouds
222,Mayo,US,38.8876,-76.5119,68.49,92,90,1.01,overcast clouds
223,Aguimes,ES,27.9054,-15.4461,75.83,57,40,23.02,scattered clouds
224,Karlstad,SE,59.3793,13.5036,52.36,87,68,5.75,broken clouds
225,Upernavik,GL,72.7868,-56.1549,27.07,79,71,7.27,broken clouds
226,Cap-Aux-Meules,CA,47.3821,-61.8597,61.05,90,61,15.35,broken clouds
227,Tiksi,RU,71.6872,128.8694,37.35,89,100,23.58,overcast clouds
228,Country Club,US,25.9482,-80.317,92.01,69,1,3.44,clear sky
229,Omboue,GA,-1.5746,9.2618,78.35,80,86,9.57,light rain
230,Boksitogorsk,RU,59.474,33.8485,46.53,95,98,7.96,overcast clouds
231,Castro,BR,-24.7911,-50.0119,69.91,37,41,6.06,scattered clouds
232,Witu,KE,-2.3889,40.4382,77.16,83,9,10.27,clear sky
233,Albanel,CA,48.8832,-72.4487,48.38,98,100,6.58,moderate rain
234,Batagay,RU,67.6333,134.6333,37.06,83,99,4.34,overcast clouds
235,Vostok,RU,46.4856,135.8833,39.13,94,13,2.06,few clouds
236,Maine-Soroa,NE,13.2114,12.0241,88.77,42,100,7.02,overcast clouds
237,Vestmannaeyjar,IS,63.4427,-20.2734,43.79,93,90,27.63,overcast clouds
238,Cidreira,BR,-30.1811,-50.2056,64.4,69,79,21.63,moderate rain
239,Comodoro Rivadavia,AR,-45.8667,-67.5,67.86,32,75,17.27,broken clouds
240,Yulara,AU,-25.2406,130.9889,48.04,40,1,0.0,clear sky
241,Katsuura,JP,35.1333,140.3,73.51,85,95,3.83,overcast clouds
242,Egvekinot,RU,66.3167,-179.1667,24.57,95,100,2.64,light snow
243,Tagajo,JP,38.2937,141.0056,69.57,66,97,8.97,moderate rain
244,Morden,CA,49.1919,-98.1014,71.44,27,68,16.28,broken clouds
245,Margate,GB,51.3813,1.3862,70.7,75,100,7.7,overcast clouds
246,Shingu,JP,33.7333,135.9833,70.92,75,94,5.48,overcast clouds
247,Cartagena,CO,10.3997,-75.5144,89.22,70,40,9.22,scattered clouds
248,Clyde River,CA,70.4692,-68.5914,32.23,80,75,20.71,broken clouds
249,Gilgit,PK,35.9221,74.3087,76.75,46,17,3.47,few clouds
250,Gat,IL,31.61,34.7642,77.92,100,0,8.61,clear sky
251,Tuatapere,NZ,-46.1333,167.6833,45.82,81,56,12.64,broken clouds
252,Cumpas,MX,29.9833,-109.7833,73.78,69,93,5.5,overcast clouds
253,Ampanihy,MG,-24.7,44.75,66.65,78,30,15.59,scattered clouds
254,Istmina,CO,5.1605,-76.684,76.15,91,100,2.62,overcast clouds
255,Burnie,AU,-41.0667,145.9167,50.59,88,100,15.79,overcast clouds
256,Catamarca,AR,-28.4696,-65.7852,81.77,30,1,5.01,clear sky
257,Catuday,PH,16.2923,119.8062,78.6,81,90,2.48,overcast clouds
258,Cofradia,HN,15.4,-88.15,86.88,73,53,3.74,broken clouds
259,Tiverton,GB,50.9,-3.4833,68.02,83,75,3.0,broken clouds
260,Flinders,AU,-34.5833,150.8552,61.25,66,0,7.87,clear sky
261,Esperance,AU,-33.8667,121.9,54.21,65,78,14.27,broken clouds
262,Herne Bay,GB,51.373,1.1286,71.01,76,100,1.01,overcast clouds
263,Vila,PT,42.0304,-8.1588,69.69,42,83,4.29,broken clouds
264,Zwedru,LR,6.0667,-8.1281,78.78,92,97,3.47,moderate rain
265,Sevierville,US,35.8681,-83.5618,68.59,57,40,0.0,scattered clouds
266,Altay,CN,47.8667,88.1167,45.86,38,94,4.14,overcast clouds
267,Riverton,US,40.5219,-111.9391,75.29,36,1,1.99,clear sky
268,Naze,JP,28.3667,129.4833,75.69,69,0,8.43,clear sky
269,Shache,CN,38.4167,77.2406,73.0,18,0,5.86,clear sky
270,Manbij,SY,36.5281,37.9549,66.97,48,0,21.07,clear sky
271,Inirida,CO,3.8653,-67.9239,80.37,78,100,4.12,overcast clouds
272,Necochea,AR,-38.5473,-58.7368,63.03,87,100,9.42,overcast clouds
273,Mbekenyera,TZ,-10.0,38.9833,73.56,69,62,8.97,broken clouds
274,Puerto Madero,MX,14.7208,-92.4215,88.0,74,40,3.44,scattered clouds
275,Victoria,HK,22.2855,114.1577,86.32,83,76,1.01,broken clouds
276,Ngunguru,NZ,-35.6167,174.5,57.16,87,100,19.33,overcast clouds
277,Brae,GB,60.3964,-1.353,49.91,71,96,12.06,overcast clouds
278,Xique-Xique,BR,-10.8218,-42.7263,92.46,35,18,7.76,few clouds
279,Boguchany,RU,58.3814,97.4531,33.1,93,96,2.26,overcast clouds
280,Geraldton,AU,-28.7667,114.6,57.61,88,0,9.22,clear sky
281,Komsomolskiy,UZ,40.4272,71.7189,66.92,48,0,4.61,clear sky
282,Acapulco,MX,16.8634,-99.8901,85.82,79,40,6.91,scattered clouds
283,Chodov,CZ,50.2402,12.7455,64.72,51,0,8.05,clear sky
284,Henties Bay,NA,-22.116,14.2845,57.85,81,6,9.13,clear sky
285,Waipawa,NZ,-41.4122,175.5153,52.45,81,14,13.82,few clouds
286,Hasaki,JP,35.7333,140.8333,72.0,72,97,13.82,overcast clouds
287,Behbahan,IR,30.5959,50.2417,87.93,11,0,4.18,clear sky
288,Price,US,39.5994,-110.8107,65.46,24,1,0.0,clear sky
289,Vryburg,ZA,-26.9566,24.7284,73.06,22,62,8.28,broken clouds
290,Tuku,TW,23.6778,120.3926,81.86,73,81,3.78,broken clouds
291,Palmer,US,42.1584,-72.3287,81.63,61,29,8.01,scattered clouds
292,Ixtapa,MX,20.7,-105.2,88.23,70,1,0.0,clear sky
293,Haines Junction,CA,60.7522,-137.5108,35.55,87,100,4.61,light rain
294,Yaan,NG,7.3833,8.5667,77.56,86,89,5.14,light rain
295,Morshyn,UA,49.1565,23.8723,52.88,62,98,14.63,overcast clouds
296,Taoudenni,ML,22.6783,-3.9836,109.62,6,0,5.5,clear sky
297,Sitka,US,57.0531,-135.33,53.49,71,90,24.16,moderate rain
298,Vao,NC,-22.6667,167.4833,66.52,60,4,16.49,clear sky
299,Hualmay,PE,-11.0964,-77.6139,67.73,70,68,10.42,broken clouds
300,Mizdah,LY,31.4451,12.9801,89.08,19,27,13.51,scattered clouds
301,Stromness,GB,58.965,-3.296,52.05,75,52,7.0,broken clouds
302,Gambela,ET,8.25,34.5833,74.55,85,71,2.89,broken clouds
303,San Patricio,US,28.017,-97.5169,84.87,29,2,6.24,clear sky
304,La Ronge,CA,55.1001,-105.2842,49.75,59,98,16.58,overcast clouds
305,Mitu,CO,1.1983,-70.1733,73.11,98,100,2.44,overcast clouds
306,Darnah,LY,32.767,22.6367,74.91,67,11,18.92,few clouds
307,Big Spring,US,32.2504,-101.4787,81.28,22,1,13.96,clear sky
308,Broome,US,42.2506,-75.833,71.38,77,90,5.01,heavy intensity rain
309,Sabang,ID,5.8933,95.3214,82.6,79,94,12.66,overcast clouds
310,Padang,ID,-0.9492,100.3543,77.05,88,59,3.78,broken clouds
311,Beringovskiy,RU,63.05,179.3167,36.55,98,100,6.15,light rain
312,Russell,US,32.3502,-85.1999,72.97,56,0,9.33,clear sky
313,Lata,PT,40.1629,-8.3327,72.91,79,100,3.94,overcast clouds
314,Carutapera,BR,-1.195,-46.02,88.3,53,99,8.7,overcast clouds
315,Bengkulu,ID,-3.8004,102.2655,75.96,91,69,4.18,broken clouds
316,Faanui,PF,-16.4833,-151.75,77.72,69,13,9.22,few clouds
317,Coahuayana,MX,18.7333,-103.6833,90.88,61,3,3.04,clear sky
318,Oranjestad,AW,12.524,-70.027,83.64,83,100,18.41,overcast clouds
319,Rota,ES,36.6224,-6.3586,80.69,78,75,16.11,broken clouds
320,Isilkul,RU,54.9109,71.2728,36.63,75,85,5.39,overcast clouds
321,Teknaf,BD,20.8624,92.3058,79.32,88,86,4.56,light rain
322,Komsomolskoye,RU,55.2567,47.5461,47.84,89,100,15.57,light rain
323,Eganville,CA,45.5334,-77.0994,58.33,99,100,3.65,moderate rain
324,Mocajuba,BR,-2.5842,-49.5072,96.12,39,74,5.48,broken clouds
325,Iroquois Falls,CA,48.7669,-80.6831,50.14,52,100,11.61,overcast clouds
326,Shahrud,IR,36.4182,54.9763,75.79,15,0,2.8,clear sky
327,Solnechnyy,RU,50.7214,136.6319,41.29,77,9,4.36,clear sky
328,Longkou,CN,37.6508,120.3286,71.47,76,100,7.78,light rain
329,Gamba,GA,-2.65,10.0,77.54,79,67,9.42,light rain
330,Namatanai,PG,-3.6667,152.4333,78.4,79,100,7.05,overcast clouds
331,Aklavik,CA,68.2191,-135.0107,31.03,94,99,4.9,overcast clouds
332,Khanpur,PK,28.6453,70.6567,90.93,49,36,11.7,scattered clouds
333,Antalaha,MG,-14.9003,50.2788,70.38,77,0,11.07,clear sky
334,Mount Pleasant,US,32.7941,-79.8626,81.0,63,1,3.0,clear sky
335,Kiruna,SE,67.8557,20.2251,40.12,93,75,11.5,heavy intensity rain
336,Ust-Nera,RU,64.5667,143.2,36.81,66,33,4.34,scattered clouds
337,Puerto Narino,CO,-3.7703,-70.3831,78.75,50,94,2.91,overcast clouds
338,Salalah,OM,17.0151,54.0924,82.49,89,40,5.75,scattered clouds
339,Zhigansk,RU,66.7697,123.3711,40.33,76,100,4.52,overcast clouds
340,Luderitz,NA,-26.6481,15.1594,60.35,73,2,15.52,clear sky
341,Hovd,MN,48.0056,91.6419,46.35,41,12,8.3,few clouds
342,Conceicao Do Araguaia,BR,-8.2578,-49.2647,108.18,14,51,4.92,broken clouds
343,Sola,VU,-13.8833,167.55,78.15,81,91,16.96,overcast clouds
344,Tigil,RU,57.8,158.6667,39.0,90,20,4.16,few clouds
345,San Quintin,MX,30.4833,-115.95,77.34,65,62,10.09,broken clouds
346,Verkhnyaya Inta,RU,65.9811,60.3094,38.48,85,100,5.68,overcast clouds
347,Faya,SA,18.3851,42.4509,69.91,54,54,3.2,broken clouds
348,Vila Franca Do Campo,PT,37.7167,-25.4333,72.01,62,43,8.43,scattered clouds
349,Ust-Kuyga,RU,70.0167,135.6,36.72,93,98,13.31,overcast clouds
350,Rio Gallegos,AR,-51.6226,-69.2181,57.25,18,40,9.22,scattered clouds
351,San Jose,US,37.3394,-121.895,81.54,49,40,0.0,haze
352,Caravelas,BR,-17.7125,-39.2481,74.32,60,100,13.0,overcast clouds
353,Yablonovo,RU,50.8523,37.3574,46.26,87,99,3.98,overcast clouds
354,Santa Isabel Do Rio Negro,BR,-0.4139,-65.0192,85.8,71,90,4.34,overcast clouds
355,Tra Vinh,VN,9.9347,106.3453,77.25,92,100,4.68,overcast clouds
356,Jasdan,IN,22.0333,71.2,77.07,89,46,10.56,scattered clouds
357,Port Blair,IN,11.6667,92.75,79.77,80,100,10.74,light rain
358,Muros,ES,42.7762,-9.0603,74.14,65,4,16.06,clear sky
359,Kontagora,NG,10.3999,5.4695,79.36,80,99,3.33,overcast clouds
360,Badami,IN,15.915,75.6768,73.81,86,100,10.51,overcast clouds
361,Trairi,BR,-3.2778,-39.2689,87.04,56,64,15.52,broken clouds
362,Garissa,KE,-0.4536,39.6401,84.06,45,93,24.72,overcast clouds
363,Ko Samui,TH,9.5357,99.9357,83.46,72,87,15.43,overcast clouds
364,Bastia,FR,42.6667,9.3333,75.0,67,0,4.0,clear sky
365,Saldanha,ZA,-33.0117,17.9442,60.85,90,31,6.08,scattered clouds
366,Suntar,RU,62.1444,117.6319,39.83,81,100,3.96,overcast clouds
367,Jacqueville,CI,5.2052,-4.4146,80.51,86,28,9.95,scattered clouds
368,Sibolga,ID,1.7427,98.7792,77.47,85,18,3.69,few clouds
369,Shihezi,CN,44.3,86.0333,59.92,25,13,6.26,few clouds
370,Lamu,KE,-2.2717,40.902,77.22,81,4,13.56,clear sky
371,Tual,ID,-5.6667,132.75,78.89,85,98,16.84,overcast clouds
372,Ratnagiri,IN,16.9833,73.3,78.53,86,33,3.4,moderate rain
373,Kahului,US,20.8947,-156.47,71.62,80,20,5.75,few clouds
374,Dabhol,IN,17.6,73.1667,75.72,88,40,0.56,scattered clouds
375,Alencon,FR,48.4333,0.0833,70.59,52,3,3.38,clear sky
376,Bonavista,CA,48.6499,-53.1147,71.6,86,5,11.45,clear sky
377,Nishihara,JP,26.1842,127.7558,79.88,83,20,8.05,few clouds
378,Buala,SB,-8.145,159.5921,78.78,81,88,4.61,light rain
379,Ancud,CL,-41.8697,-73.8203,55.42,72,95,11.27,overcast clouds
380,Nuuk,GL,64.1835,-51.7216,36.21,41,1,6.91,clear sky
381,Fort William,GB,56.8165,-5.1121,56.79,95,95,5.41,overcast clouds
382,Oxford,GB,51.7522,-1.256,71.22,63,20,8.05,few clouds
383,Moffat,GB,55.3323,-3.4454,58.05,89,99,10.33,overcast clouds
384,Port Moresby,PG,-9.4431,147.1797,73.72,90,100,8.16,overcast clouds
385,Luwuk,ID,-0.9516,122.7875,75.13,91,89,4.07,overcast clouds
386,Stephenville,US,32.2207,-98.2023,80.94,25,1,3.44,clear sky
387,Malartic,CA,48.1335,-78.1328,48.31,97,100,11.34,moderate rain
388,Binga,ZW,-17.6203,27.3414,75.09,48,64,4.81,broken clouds
389,Amahai,ID,-3.3333,128.9167,75.9,90,96,0.96,moderate rain
390,Milkovo,RU,54.7167,158.6167,35.8,97,34,1.25,scattered clouds
391,Oskarshamn,SE,57.2645,16.4484,54.81,80,95,15.61,light rain
392,Sosnovo-Ozerskoye,RU,52.5249,111.5418,33.03,91,10,5.14,clear sky
393,Jilavele,RO,44.7667,26.5333,59.18,49,80,7.67,broken clouds
394,Hun,LY,29.1268,15.9477,95.09,11,1,8.25,clear sky
395,Chicama,PE,-7.8447,-79.1469,63.14,64,77,7.85,broken clouds
396,Plouzane,FR,48.3833,-4.6167,64.49,74,90,4.61,overcast clouds
397,Lazaro Cardenas,MX,17.9583,-102.2,84.97,73,17,1.52,few clouds
398,That Phanom,TH,16.9364,104.7104,74.17,90,97,3.49,overcast clouds
399,Kodinsk,RU,58.6881,99.1844,30.2,97,84,0.85,broken clouds
400,Andenes,NO,69.3143,16.1194,49.98,76,75,5.75,light intensity drizzle
401,Sierra Vista,US,31.5545,-110.3037,70.59,72,90,16.11,moderate rain
402,Correntina,BR,-13.3433,-44.6367,97.05,21,6,7.56,clear sky
403,Hajnowka,PL,52.7433,23.5812,55.02,83,100,11.99,light rain
404,Umea,SE,63.8284,20.2597,46.33,93,90,16.11,moderate rain
405,Ilo,PE,-17.6394,-71.3375,61.66,77,90,9.22,overcast clouds
406,Chulman,RU,56.8479,124.9104,44.26,80,100,10.69,light rain
407,Bowen,AU,-20.0167,148.2333,64.56,73,46,9.28,scattered clouds
408,Mutare,ZW,-18.9707,32.6709,62.49,56,2,4.7,clear sky
409,Severnyy,RU,50.677,36.5532,46.44,93,100,2.24,overcast clouds
410,Visby,SE,57.6409,18.296,55.85,87,75,16.11,broken clouds
411,Yenagoa,NG,4.9247,6.2642,75.54,94,100,3.87,overcast clouds
412,Poltar,SK,48.4309,19.7941,55.45,75,98,5.61,overcast clouds
413,Kirkenaer,NO,60.4564,12.0582,56.05,66,51,5.93,broken clouds
414,Kaitangata,NZ,-46.2817,169.8464,45.34,84,64,17.34,broken clouds
415,Varde,DK,55.6211,8.4807,55.96,70,75,26.46,broken clouds
416,Bani Walid,LY,31.7566,13.9942,86.36,43,46,17.34,scattered clouds
417,Igarka,RU,67.4667,86.5833,31.14,84,26,10.38,scattered clouds
418,Kenora,CA,49.8167,-94.4337,64.38,41,42,15.41,scattered clouds
419,Trofors,NO,65.5333,13.4063,48.07,87,100,3.71,overcast clouds
420,Plotnikovo,RU,55.0247,85.9436,37.74,98,92,3.27,light rain
421,Goundam,ML,16.4145,-3.6708,100.0,24,82,8.01,broken clouds
422,Cardston,CA,49.2,-113.3019,62.89,39,99,8.05,overcast clouds
423,Panalingaan,PH,8.7842,117.4231,78.01,85,79,2.3,broken clouds
424,Wilkinsburg,US,40.4417,-79.882,59.95,73,90,1.99,overcast clouds
425,Ewa Beach,US,21.3156,-158.0072,76.95,74,1,3.44,clear sky
426,Fengrun,CN,39.8333,118.1167,63.27,90,100,5.48,light rain
427,Batagay-Alyta,RU,67.8006,130.4114,31.17,79,77,5.17,broken clouds
428,Te Anau,NZ,-45.4167,167.7167,41.49,80,61,6.11,broken clouds
429,Aksu,CN,41.1231,80.2644,70.41,28,15,7.2,few clouds
430,Kargasok,RU,59.0556,80.8572,31.75,97,99,8.93,overcast clouds
431,Kapit,MY,2.0167,112.9333,74.39,98,99,0.34,overcast clouds
432,Yatou,CN,37.15,122.3833,65.41,81,85,0.72,light rain
433,Miri,MY,4.4148,114.0089,78.94,89,40,4.61,scattered clouds
434,Bridgetown,BB,13.1,-59.6167,91.89,58,40,13.8,scattered clouds
435,Jumla,NP,29.2747,82.1838,59.34,93,95,2.21,overcast clouds
436,Severo-Kurilsk,RU,50.6789,156.125,47.62,91,100,21.9,light rain
437,Karaton,ID,-6.3424,106.1045,80.76,91,93,1.32,overcast clouds
438,Taldan,RU,53.6667,124.8,43.88,79,100,2.62,light rain
439,Buta,CD,2.7858,24.73,73.44,85,67,4.41,broken clouds
440,Westport,US,41.1415,-73.3579,82.22,79,75,1.01,broken clouds
441,Saint-Louis,SN,16.3333,-15.0,100.92,22,47,6.85,scattered clouds
442,Neuquen,AR,-38.9516,-68.0591,71.49,26,0,9.22,clear sky
443,Fort Nelson,CA,58.8053,-122.7002,45.55,47,48,1.72,scattered clouds
444,Black Diamond,US,47.3087,-122.0032,60.6,90,94,2.13,overcast clouds
445,Olafsvik,IS,64.8945,-23.7142,40.05,96,100,18.9,light rain
446,Hidalgotitlan,MX,17.7833,-94.6333,80.62,78,81,4.05,broken clouds
447,Cunha,BR,-23.0744,-44.9597,70.66,43,11,7.09,few clouds
448,Fortuna,US,40.5982,-124.1573,54.99,90,95,4.59,overcast clouds
449,Beira,MZ,-19.8436,34.8389,71.69,78,20,9.22,few clouds
450,Wajima,JP,37.4,136.9,70.54,76,84,10.38,broken clouds
451,Semey,KZ,50.4111,80.2275,43.02,75,0,6.71,clear sky
452,Arkadelphia,US,34.1209,-93.0538,78.39,33,1,5.75,clear sky
453,Portland,US,45.5234,-122.6762,63.52,85,90,1.99,overcast clouds
454,Port Hardy,CA,50.6996,-127.4199,51.98,77,100,0.25,overcast clouds
455,Lufilufi,WS,-13.8745,-171.5986,80.26,72,7,10.33,clear sky
456,Vidim,RU,56.4088,103.1106,36.43,95,100,4.68,overcast clouds
457,Jacareacanga,BR,-6.2222,-57.7528,93.51,55,75,4.61,broken clouds
458,Yumen,CN,40.2833,97.2,64.44,30,100,5.59,overcast clouds
459,Salinas,US,36.6777,-121.6555,77.58,77,40,0.0,scattered clouds
460,Ishigaki,JP,24.3448,124.1572,84.25,73,12,8.52,few clouds
461,Qrendi,MT,35.8347,14.4583,77.11,78,20,9.22,few clouds
462,Wellington,NZ,-41.2866,174.7756,55.06,93,75,7.0,broken clouds
463,Isla Mujeres,MX,21.2311,-86.731,84.25,77,61,5.35,broken clouds
464,Constitucion,CL,-35.3333,-72.4167,63.18,55,8,12.01,clear sky
465,Awbari,LY,26.5921,12.7805,91.04,10,1,6.58,clear sky
466,Clifton,US,40.8584,-74.1638,81.82,78,90,11.99,overcast clouds
467,Tilichiki,RU,60.4667,166.1,42.1,86,93,5.08,overcast clouds
468,Itarema,BR,-2.9248,-39.9167,87.01,58,49,17.67,scattered clouds
469,Rincon,US,32.296,-81.2354,78.84,59,20,8.05,few clouds
470,Sobolevo,RU,54.4299,31.8996,41.25,96,100,5.08,overcast clouds
471,Grand Gaube,MU,-20.0064,57.6608,72.0,76,14,13.0,few clouds
472,Fairbanks,US,64.8378,-147.7164,32.81,71,90,6.91,overcast clouds
473,Balikpapan,ID,-1.2675,116.8289,76.01,87,80,1.72,broken clouds
474,Luau,AO,-10.7073,22.2247,85.39,15,97,3.83,overcast clouds
475,Ayorou,NE,14.7308,0.9174,99.05,27,36,3.18,scattered clouds
476,Mabai,CN,23.0128,104.4508,60.75,97,70,1.81,broken clouds
477,Banda Aceh,ID,5.5577,95.3222,79.77,83,90,8.28,overcast clouds
478,Xining,CN,36.6167,101.7667,59.13,60,100,5.21,light rain
479,Nome,US,64.5011,-165.4064,21.27,79,1,5.75,clear sky
480,West Helena,US,34.5507,-90.6418,72.61,43,0,4.36,clear sky
481,Almeirim,BR,-1.5233,-52.5817,96.19,39,82,6.76,broken clouds
482,Palimbang,PH,6.2106,124.1894,77.77,87,67,2.55,broken clouds
483,Tamiahua,MX,21.2667,-97.45,74.8,72,100,10.71,overcast clouds
484,Sainte-Savine,FR,48.2964,4.0464,69.75,52,0,5.75,clear sky
485,Elat,IL,29.5581,34.9482,89.44,48,0,13.8,clear sky
486,Novosysoyevka,RU,44.235,133.3642,51.91,97,100,0.6,overcast clouds
487,Ndele,CF,8.4109,20.6473,75.13,89,100,1.74,overcast clouds
488,Lasa,IT,46.6166,10.7002,63.34,73,36,1.68,scattered clouds
489,Puerto Leguizamo,CO,-0.1934,-74.7819,76.15,87,100,3.96,overcast clouds
490,Ayan,RU,56.45,138.1667,51.1,65,0,4.0,clear sky
491,Bedford,GB,52.1346,-0.4663,71.8,57,0,9.22,clear sky
492,Khani,GE,41.9563,42.9566,54.97,99,100,2.1,overcast clouds
493,Tevriz,RU,57.509,72.4042,38.34,85,100,5.3,overcast clouds
494,Bodden Town,KY,19.2833,-81.25,89.6,66,20,6.89,few clouds
495,Pemba,MZ,-12.974,40.5178,76.62,77,1,17.31,clear sky
496,Morro Bay,US,35.3658,-120.8499,68.88,82,23,3.0,few clouds
497,Abu Samrah,SY,35.3029,37.1841,72.3,60,0,27.38,clear sky
498,Qarqin,AF,37.4185,66.0436,79.52,13,0,7.74,clear sky
499,Kruisfontein,ZA,-34.0033,24.7314,63.88,58,87,20.6,overcast clouds
500,Waingapu,ID,-9.6567,120.2641,76.95,78,91,9.06,overcast clouds
501,Gorom-Gorom,BF,14.4439,-0.2361,98.6,27,15,5.95,few clouds
502,Srednekolymsk,RU,67.45,153.6833,35.01,77,100,5.55,overcast clouds
503,Ukiah,US,39.1502,-123.2078,87.03,34,1,0.0,clear sky
504,Samarai,PG,-10.6167,150.6667,76.89,85,99,13.47,overcast clouds
505,Zyryanka,RU,65.75,150.85,34.02,76,11,5.48,few clouds
506,Chiplun,IN,17.5333,73.5167,74.34,95,47,1.43,light rain
507,Serebryansk,KZ,49.6925,83.2892,27.95,69,57,4.7,snow
508,Morehead,US,37.2711,-87.1764,67.86,46,1,3.0,clear sky
509,Batemans Bay,AU,-35.7167,150.1833,51.91,80,0,5.21,clear sky
510,El Carmen,CO,8.5106,-73.4478,75.42,86,99,2.59,overcast clouds
511,Macau,MO,22.2006,113.5461,86.07,89,40,12.66,thunderstorm with light rain
512,Mkokotoni,TZ,-5.8767,39.2547,75.92,80,16,9.53,few clouds
513,Tapel,PH,18.2891,122.0292,79.27,86,14,3.47,few clouds
514,Mbandaka,CD,0.0487,18.2603,73.51,87,100,2.93,overcast clouds
515,Oktyabrskoye,RU,43.0645,44.7417,53.74,94,75,4.47,light intensity shower rain
516,Ilulissat,GL,69.2167,-51.1,24.82,74,75,17.27,light shower snow
517,Rauma,FI,61.1272,21.5113,46.44,92,100,24.09,moderate rain
518,Skowhegan,US,44.7651,-69.7192,77.45,83,62,11.23,broken clouds
519,Polunochnoye,RU,60.8697,60.4153,38.71,90,38,2.82,scattered clouds
520,Kirkwood,US,38.5834,-90.4068,70.84,54,20,3.0,few clouds
521,Berbera,SO,10.4396,45.0143,94.06,45,3,5.23,clear sky
522,Cabadiangan,PH,9.7531,122.4739,77.9,90,82,4.03,broken clouds
523,Inhambane,MZ,-23.865,35.3833,67.98,73,20,4.61,few clouds
524,Qasigiannguit,GL,68.8193,-51.1922,25.05,66,100,2.93,overcast clouds
525,Kathmandu,NP,27.7167,85.3167,71.82,88,40,5.75,scattered clouds
526,Ambositra,MG,-20.5167,47.25,58.73,93,65,5.59,light rain
527,Grand-Santi,GF,4.25,-54.3833,95.72,34,36,4.38,scattered clouds
528,Sorab,IN,14.3833,75.1,68.95,98,100,6.08,moderate rain
529,Ilhabela,BR,-23.7781,-45.3581,69.37,58,18,9.91,few clouds
530,Nyimba,ZM,-14.5566,30.8149,78.53,38,38,13.22,scattered clouds
531,Nushki,PK,29.5542,66.0215,81.39,14,6,4.05,clear sky
532,Lakhnau,IN,26.85,80.9167,78.78,94,90,3.44,mist
533,Chadiza,ZM,-14.0678,32.4392,73.47,43,45,13.4,scattered clouds
534,Svetogorsk,RU,61.1121,28.8632,44.38,73,100,13.24,overcast clouds
535,Viedma,AR,-40.8135,-62.9967,72.79,25,21,4.27,few clouds
536,Husavik,IS,66.0449,-17.3389,39.11,68,100,15.01,overcast clouds
537,Umm Kaddadah,SD,13.6017,26.6876,97.07,13,44,13.11,scattered clouds
538,Okhotsk,RU,59.3833,143.3,46.06,75,2,1.7,clear sky
539,Hokitika,NZ,-42.7167,170.9667,51.87,90,94,7.52,overcast clouds
540,Ormara,PK,25.2088,64.6357,80.67,88,5,8.3,clear sky
541,Cuiluan,CN,47.72,128.648,43.38,85,3,1.99,clear sky
542,Sao Joao Da Barra,BR,-21.6403,-41.0511,73.49,54,55,14.16,broken clouds
543,Tarakan,ID,3.3,117.6333,78.64,82,87,4.83,light rain
544,Tahoua,NE,14.8888,5.2692,93.18,40,20,2.3,few clouds
545,Chekalin,RU,54.0969,36.245,46.45,90,100,3.94,light rain
546,Ambanja,MG,-13.6833,48.45,73.74,83,2,1.72,clear sky
547,Yerbogachen,RU,61.2767,108.0108,36.52,97,100,0.69,light rain
548,Corinto,GR,37.9407,22.9573,69.42,50,18,5.88,few clouds
549,Borskoye,RU,53.0333,51.7167,56.26,43,100,11.9,light rain
550,Galesong,ID,-5.3166,119.3661,77.02,70,100,2.98,overcast clouds
551,Souillac,MU,-20.5167,57.5167,71.98,83,75,10.36,broken clouds
552,Adrar,MR,20.5022,-10.0711,102.69,9,18,10.78,few clouds
553,Snasa,NO,64.2457,12.3778,47.61,91,100,8.52,overcast clouds
554,Denpasar,ID,-8.65,115.2167,80.26,89,20,9.22,few clouds
555,Mafinga,TZ,-7.25,35.0667,77.65,34,35,12.26,scattered clouds
556,Port Augusta,AU,-32.5,137.7667,49.71,65,0,2.3,clear sky
557,Roma,US,43.2128,-75.4557,75.51,79,90,14.97,moderate rain
558,Tonj,SS,7.2737,28.6822,77.41,81,88,2.51,light rain
559,Leopold,AU,-38.1833,144.4667,55.72,83,0,12.59,clear sky
560,Atambua,ID,-9.1061,124.8925,71.74,73,91,3.78,overcast clouds
561,Awjilah,LY,29.1081,21.2869,92.35,16,1,12.12,clear sky
562,Esso,RU,55.9333,158.7,35.13,92,14,2.46,few clouds
563,Lagunas,PE,-5.2269,-75.6753,94.24,42,91,0.74,overcast clouds
564,Paracuru,BR,-3.41,-39.0306,87.82,59,57,15.21,broken clouds
565,Basco,PH,20.4487,121.9702,84.22,75,11,16.35,few clouds
566,Navahrudak,BY,53.6,25.8333,47.55,93,100,12.77,overcast clouds
567,Deputatskiy,RU,69.3,139.9,33.01,85,100,4.36,overcast clouds
568,Point Pleasant,US,40.0832,-74.0682,81.34,74,90,1.01,overcast clouds
569,Taltal,CL,-25.4,-70.4833,66.61,59,13,7.43,few clouds
570,Mayumba,GA,-3.432,10.6554,76.98,81,86,7.63,overcast clouds
571,Canmore,CA,51.0834,-115.3521,51.24,56,100,3.53,overcast clouds
572,Vallenar,CL,-28.5708,-70.7581,85.57,9,0,7.45,clear sky
573,Popondetta,PG,-8.7537,148.2534,71.22,97,100,2.19,overcast clouds
574,Gualaceo,EC,-2.9,-78.7833,65.86,93,100,2.91,light rain
575,Tiznit,MA,29.5833,-9.5,72.73,60,8,9.08,clear sky
576,Kamiiso,JP,41.8167,140.65,61.97,94,61,5.12,light rain
577,Conde,BR,-7.2597,-34.9075,87.26,58,40,13.8,scattered clouds
578,Kanniyakumari,IN,8.0833,77.5667,80.96,81,81,19.8,broken clouds
579,Barreirinhas,BR,-2.7469,-42.8264,89.69,50,80,14.34,broken clouds
580,Kailua,US,21.4022,-157.7394,77.14,82,90,4.61,mist
581,Barranca,PE,-10.75,-77.7667,66.4,71,81,9.98,broken clouds
582,Maumere,ID,-8.6199,122.2111,78.19,75,100,3.87,overcast clouds
583,La Cruz,MX,23.9167,-106.9,85.86,65,14,1.68,few clouds
584,Beloha,MG,-25.1667,45.05,67.28,76,44,15.01,scattered clouds
585,Eyl,SO,7.9803,49.8164,78.57,81,66,22.82,broken clouds
586,Cap Malheureux,MU,-19.9842,57.6142,72.09,76,11,13.0,few clouds
587,Ila,NO,63.4305,10.3705,50.02,85,98,3.0,overcast clouds
588,Nouna,BF,12.7333,-3.8667,92.48,41,16,3.83,few clouds
589,Laterza,IT,40.6295,16.7997,65.35,48,24,10.96,few clouds
590,Broken Hill,AU,-31.95,141.4333,57.02,41,3,12.82,clear sky
591,Seoul,KR,37.5683,126.9778,64.81,94,0,2.3,clear sky
592,Poum,NC,-20.2333,164.0167,68.67,67,75,15.03,broken clouds
593,Aranos,NA,-24.1333,19.1167,80.94,7,0,11.77,clear sky
594,Saint-Pierre,RE,-21.3393,55.4781,71.24,74,0,6.91,clear sky
595,Ponta Delgada,PT,37.7333,-25.6667,72.32,64,20,11.5,few clouds
596,Grand Haven,US,43.0631,-86.2284,53.65,77,90,4.0,overcast clouds
597,Soverato,IT,38.685,16.5499,71.55,60,25,2.57,scattered clouds
598,Jyvaskyla,FI,62.2415,25.7209,46.76,86,90,17.27,overcast clouds
599,General Artigas,PY,-26.9333,-56.2167,73.29,64,100,5.61,overcast clouds
600,Toora-Khem,RU,52.4675,96.11,37.45,75,100,4.43,overcast clouds
601,Sakakah,SA,29.9697,40.2064,85.57,18,0,11.23,clear sky
602,Zhongxing,CN,33.7039,118.6792,71.46,91,82,10.27,light rain
603,Volsk,RU,52.0333,47.3833,49.86,91,100,11.54,light rain
604,San Pedro De Ycuamandiyu,PY,-24.0917,-57.0764,91.42,29,67,7.85,broken clouds
605,Avera,US,33.194,-82.5271,74.08,49,0,6.73,clear sky
606,Bradford,GB,53.7939,-1.7521,61.38,74,75,17.27,broken clouds
607,Marzuq,YE,14.4,46.4667,83.53,16,2,5.26,clear sky
608,Baghdad,IQ,33.3406,44.4009,91.31,24,0,4.61,clear sky
609,Puerto Del Rosario,ES,28.5004,-13.8627,76.75,69,20,11.5,few clouds
610,Leh,IN,34.1667,77.5833,56.95,42,49,5.32,scattered clouds
611,Saint-Francois,FR,46.4154,3.9054,67.48,68,0,5.75,clear sky
612,Baracoa,CU,20.3467,-74.4958,86.34,67,78,4.88,broken clouds
613,Sisimiut,GL,66.9395,-53.6735,31.3,59,51,1.14,broken clouds
614,Luanda,AO,-8.8368,13.2343,73.44,82,39,13.96,scattered clouds
615,Cardoso,BR,-20.0819,-49.9142,95.86,19,1,2.51,clear sky
616,Santo Antonio Do Ica,BR,-3.1022,-67.9397,86.38,68,97,3.38,overcast clouds
617,Krasnokamsk,RU,58.0802,55.7541,33.96,84,11,3.42,few clouds
618,Souris,CA,49.6172,-100.2612,69.75,36,71,14.18,broken clouds
619,Flin Flon,CA,54.7682,-101.865,57.04,62,40,9.22,scattered clouds
620,Piacabucu,BR,-10.4056,-36.4344,82.38,64,59,11.86,broken clouds
621,Sinnamary,GF,5.3833,-52.95,87.6,59,47,12.53,scattered clouds
622,Marsaxlokk,MT,35.8419,14.5431,78.08,78,20,9.22,few clouds
623,Ust-Maya,RU,60.4167,134.5333,36.1,75,13,1.03,few clouds
624,Tarbagatay,RU,51.4803,107.3602,35.13,79,8,3.91,clear sky
625,Listvyanskiy,RU,54.4399,83.4984,33.19,94,99,2.57,overcast clouds
626,Kupang,ID,-10.1667,123.5833,76.78,70,63,10.56,broken clouds
627,Maceio,BR,-9.6658,-35.7353,87.24,66,40,12.66,scattered clouds
628,Peddapuram,IN,17.0833,82.1333,78.17,91,100,2.64,overcast clouds
629,Los Llanos De Aridane,ES,28.6585,-17.9182,72.12,76,40,11.5,volcanic ash
630,Axim,GH,4.8699,-2.2405,79.61,81,79,8.68,broken clouds
631,Baijiantan,CN,45.6333,85.1833,63.88,21,69,2.24,broken clouds
632,Maunabo,PR,18.0072,-65.8993,93.02,76,74,8.88,broken clouds
633,North Bend,US,43.4065,-124.2243,63.25,82,1,11.5,clear sky
634,Kimberley,ZA,-28.7323,24.7623,69.49,30,0,6.91,clear sky
635,Kudahuvadhoo,MV,2.6708,72.8944,82.94,76,75,17.25,broken clouds
636,Prince Rupert,CA,54.3161,-130.3201,51.49,85,90,21.85,moderate rain
637,Yoichi,JP,43.2039,140.7703,59.07,87,100,17.31,light rain
638,Abu Zabad,SD,12.35,29.25,85.33,52,54,9.73,broken clouds
639,Larap,PH,14.299,122.6504,79.23,87,28,3.71,scattered clouds
640,Porto Nacional,BR,-10.7081,-48.4172,98.6,13,15,3.4,few clouds
641,Belaya Gora,RU,68.5333,146.4167,35.4,67,72,3.02,broken clouds
642,Natal,BR,-5.795,-35.2094,88.45,58,40,18.41,scattered clouds
643,Talnakh,RU,69.4865,88.3972,34.03,76,11,4.83,few clouds
644,Odesskoye,RU,54.2111,72.9651,41.05,63,100,3.6,overcast clouds
645,Santa Vitoria Do Palmar,BR,-33.5189,-53.3681,56.14,93,100,3.69,overcast clouds
646,Dwarka,IN,22.2394,68.9678,81.28,84,55,12.19,broken clouds
647,Mahuva,IN,21.0914,71.7622,79.5,84,89,9.48,overcast clouds
648,Tinskoy,RU,56.1525,96.9161,37.47,96,100,0.63,light rain
649,Kongolo,CD,-5.3833,27.0,84.81,43,89,6.13,overcast clouds
650,Novyy Urgal,RU,51.0736,132.5642,38.01,80,0,0.22,clear sky
651,Rawson,AR,-43.3002,-65.1023,68.97,31,0,7.78,clear sky
652,Hervey Bay,AU,-25.2986,152.8535,57.04,68,0,2.77,light rain
653,Kiama,AU,-34.6833,150.8667,61.45,68,0,7.11,clear sky
654,Manakara,MG,-22.1333,48.0167,68.61,81,3,5.77,clear sky
655,Tommot,RU,58.9564,126.2925,47.26,92,100,2.62,overcast clouds
656,Dharchula,IN,29.85,80.5333,68.94,88,92,3.8,overcast clouds
657,Pincher Creek,CA,49.4833,-113.952,62.76,38,75,14.97,broken clouds
658,College,US,64.8569,-147.8028,32.79,70,90,6.91,overcast clouds
659,Sumbe,AO,-11.2061,13.8437,73.02,82,80,4.63,broken clouds
660,Suicheng,CN,33.8963,117.9331,72.77,88,89,11.1,light rain
661,Dutlwe,BW,-23.9833,23.9,72.01,24,0,5.41,clear sky
662,Chardara,KZ,41.2547,67.9692,67.96,29,0,10.07,clear sky
663,San Onofre,CO,9.7359,-75.5263,79.41,87,100,7.2,overcast clouds
664,Cairns,AU,-16.9167,145.7667,69.75,73,90,10.36,overcast clouds
665,Manuk Mangkaw,PH,4.8,119.85,82.11,77,67,6.15,broken clouds
666,Liverpool,GB,53.4106,-2.9779,61.99,80,20,4.0,few clouds
667,Vestmanna,FO,62.1564,-7.1664,41.92,93,75,13.8,broken clouds
668,La Grande,US,45.3246,-118.0877,61.93,68,99,1.63,overcast clouds
669,Okha,RU,53.5739,142.9478,46.76,91,80,9.8,broken clouds
670,Owando,CG,-0.4819,15.8999,78.75,72,100,2.84,overcast clouds
671,Puquio,PE,-14.7,-74.1333,66.33,34,86,4.21,overcast clouds
672,Kaka,TM,37.3482,59.6143,81.61,15,0,9.4,clear sky
673,Odienne,CI,9.51,-7.5692,84.56,72,48,3.53,light rain
674,Tawau,MY,4.2498,117.8871,77.13,85,82,3.83,broken clouds
675,Urumqi,CN,43.801,87.6005,56.35,26,0,6.71,clear sky
676,Peniche,PT,39.3558,-9.3811,78.3,59,70,11.43,broken clouds
